name,url,sal,source
Python Developer Middle / Senior (SberDevices/ Платформа Layer - монетизация видео-контента),https://spb.hh.ru/vacancy/46066761?query=python%20developer,"{'min': '180000', 'max': '350000', 'cur': 'руб.'}",hh.ru
Разработчик Python,https://spb.hh.ru/vacancy/46199185?query=python%20developer,"{'min': '120000', 'max': '160000', 'cur': 'руб.'}",hh.ru
Python разработчик (Middle+/Senior),https://spb.hh.ru/vacancy/45596263?query=python%20developer,"{'min': '250000', 'max': '400000', 'cur': 'руб.'}",hh.ru
Python Developer,https://spb.hh.ru/vacancy/45822934?query=python%20developer,"{'min': '200000', 'max': '350000', 'cur': 'руб.'}",hh.ru
Python App Backend Developer,https://spb.hh.ru/vacancy/46177661?query=python%20developer,"{'min': '100000', 'max': '160000', 'cur': 'руб.'}",hh.ru
Python developer удаленно,https://spb.hh.ru/vacancy/44476355?query=python%20developer,"{'min': '180000', 'max': '230000', 'cur': 'руб.'}",hh.ru
Senior C++/Python Developer (Yellow Team),https://spb.hh.ru/vacancy/36715026?query=python%20developer,"{'min': '300000', 'max': 'None', 'cur': 'руб.'}",hh.ru
Стажер data scientist,https://spb.hh.ru/vacancy/46217912?query=python%20developer,"{'min': 'None', 'max': 'None', 'cur': 'None'}",hh.ru
Python Developer Junior/Middle,https://spb.hh.ru/vacancy/46215117?query=python%20developer,"{'min': 'None', 'max': 'None', 'cur': 'None'}",hh.ru
Разработчик Python (Python Developer),https://spb.hh.ru/vacancy/46142981?query=python%20developer,"{'min': 'None', 'max': 'None', 'cur': 'None'}",hh.ru
Python Developer (Django),https://spb.hh.ru/vacancy/45988894?query=python%20developer,"{'min': '130000', 'max': '160000', 'cur': 'руб.'}",hh.ru
Python Developer,https://spb.hh.ru/vacancy/45740401?query=python%20developer,"{'min': 'None', 'max': '250000', 'cur': 'руб.'}",hh.ru
Python developer / Python разработчик / Программист Python,https://spb.hh.ru/vacancy/45850841?query=python%20developer,"{'min': '70000', 'max': 'None', 'cur': 'руб.'}",hh.ru
Lead Python Developer (remote),https://spb.hh.ru/vacancy/46212551?query=python%20developer,"{'min': '3500', 'max': '5500', 'cur': 'EUR'}",hh.ru
Python Developer (Программист Python),https://spb.hh.ru/vacancy/46100593?query=python%20developer,"{'min': 'None', 'max': 'None', 'cur': 'None'}",hh.ru
Python-разработчик,https://spb.hh.ru/vacancy/45170299?query=python%20developer,"{'min': '100000', 'max': '150000', 'cur': 'руб.'}",hh.ru
Senior Python developer,https://spb.hh.ru/vacancy/46212591?query=python%20developer,"{'min': 'None', 'max': '300000', 'cur': 'руб.'}",hh.ru
Python Developer,https://spb.hh.ru/vacancy/45833430?query=python%20developer,"{'min': '100000', 'max': 'None', 'cur': 'руб.'}",hh.ru
"Python Developer (USD Salary, Remote)",https://spb.hh.ru/vacancy/45757959?query=python%20developer,"{'min': '250000', 'max': '330000', 'cur': 'руб.'}",hh.ru
Ведущий Python Разработчик,https://spb.hh.ru/vacancy/45818601?query=python%20developer,"{'min': '250000', 'max': 'None', 'cur': 'руб.'}",hh.ru
Python junior developer,https://spb.hh.ru/vacancy/45608577?query=python%20developer,"{'min': 'None', 'max': 'None', 'cur': 'None'}",hh.ru
Senior Python Developer,https://spb.hh.ru/vacancy/46211168?query=python%20developer,"{'min': '180000', 'max': 'None', 'cur': 'руб.'}",hh.ru
Quantitative Developer,https://spb.hh.ru/vacancy/46177823?query=python%20developer,"{'min': 'None', 'max': '500000', 'cur': 'руб.'}",hh.ru
Python Developer (Backend),https://spb.hh.ru/vacancy/45633545?query=python%20developer,"{'min': 'None', 'max': 'None', 'cur': 'None'}",hh.ru
Python разработчик,https://spb.hh.ru/vacancy/43818527?query=python%20developer,"{'min': '100000', 'max': 'None', 'cur': 'руб.'}",hh.ru
Python разработчик,https://spb.hh.ru/vacancy/42393954?query=python%20developer,"{'min': '150000', 'max': 'None', 'cur': 'руб.'}",hh.ru
Специалист Computer Vision (Senior Data Scientist),https://spb.hh.ru/vacancy/45715303?query=python%20developer,"{'min': '180000', 'max': '300000', 'cur': 'руб.'}",hh.ru
Python-разработчик в R&D отдел,https://spb.hh.ru/vacancy/45971230?query=python%20developer,"{'min': '80000', 'max': '150000', 'cur': 'руб.'}",hh.ru
Python-разработчик,https://spb.hh.ru/vacancy/45835953?query=python%20developer,"{'min': '200000', 'max': 'None', 'cur': 'руб.'}",hh.ru
"Программист Python в Прикладной центр машинного обучения, анализа данных и статистики ЕУСПб",https://spb.hh.ru/vacancy/45797780?query=python%20developer,"{'min': 'None', 'max': '80000', 'cur': 'руб.'}",hh.ru
Python developer,https://spb.hh.ru/vacancy/46046293?query=python%20developer,"{'min': '160000', 'max': 'None', 'cur': 'руб.'}",hh.ru
Python Developer,https://spb.hh.ru/vacancy/46205259?query=python%20developer,"{'min': 'None', 'max': 'None', 'cur': 'None'}",hh.ru
Data Engineer / Analyst,https://spb.hh.ru/vacancy/45543168?query=python%20developer,"{'min': '3000', 'max': 'None', 'cur': 'USD'}",hh.ru
Machine Learning Engineer (Python),https://spb.hh.ru/vacancy/46108037?query=python%20developer,"{'min': '3000', 'max': '5000', 'cur': 'USD'}",hh.ru
Senior QA Automation Engineer (Python),https://spb.hh.ru/vacancy/43394109?query=python%20developer,"{'min': '300000', 'max': 'None', 'cur': 'руб.'}",hh.ru
Разработчик Python,https://spb.hh.ru/vacancy/45346449?query=python%20developer,"{'min': 'None', 'max': 'None', 'cur': 'None'}",hh.ru
Backend/Full-stack developer (python),https://spb.hh.ru/vacancy/45972293?query=python%20developer,"{'min': '120000', 'max': 'None', 'cur': 'руб.'}",hh.ru
Python developer,https://spb.hh.ru/vacancy/45415914?query=python%20developer,"{'min': 'None', 'max': 'None', 'cur': 'None'}",hh.ru
Программист-разработчик Python / Django + PostgreSQL,https://spb.hh.ru/vacancy/45904047?query=python%20developer,"{'min': '100000', 'max': '120000', 'cur': 'руб.'}",hh.ru
Python developer,https://spb.hh.ru/vacancy/45610753?query=python%20developer,"{'min': '180000', 'max': 'None', 'cur': 'руб.'}",hh.ru
Middle Python developer,https://spb.hh.ru/vacancy/46191827?query=python%20developer,"{'min': 'None', 'max': 'None', 'cur': 'None'}",hh.ru
Middle Python разработчик,https://spb.hh.ru/vacancy/45922575?query=python%20developer,"{'min': '100000', 'max': '200000', 'cur': 'руб.'}",hh.ru
Python разработчик,https://spb.hh.ru/vacancy/46196498?query=python%20developer,"{'min': 'None', 'max': '180000', 'cur': 'руб.'}",hh.ru
Middle QA Automation Engineer (Python),https://spb.hh.ru/vacancy/41467211?query=python%20developer,"{'min': '180000', 'max': '250000', 'cur': 'руб.'}",hh.ru
Разработчик бэкенда в Единое Избранное (Python),https://spb.hh.ru/vacancy/46172306?query=python%20developer,"{'min': 'None', 'max': 'None', 'cur': 'None'}",hh.ru
QA Automation Engineer/QAА,https://spb.hh.ru/vacancy/45940771?query=python%20developer,"{'min': 'None', 'max': 'None', 'cur': 'None'}",hh.ru
Middle Python developer,https://spb.hh.ru/vacancy/45555166?query=python%20developer,"{'min': '150000', 'max': 'None', 'cur': 'руб.'}",hh.ru
Python developer (Middle),https://spb.hh.ru/vacancy/44887332?query=python%20developer,"{'min': 'None', 'max': '150000', 'cur': 'руб.'}",hh.ru
Python/Django Web Developer (Remote),https://spb.hh.ru/vacancy/45544757?query=python%20developer,"{'min': '4000', 'max': '6000', 'cur': 'USD'}",hh.ru
Rust Developer,https://spb.hh.ru/vacancy/45685500?query=python%20developer,"{'min': '2000', 'max': 'None', 'cur': 'EUR'}",hh.ru
Senior Python Developer (Vehicle Builder),https://spb.hh.ru/vacancy/40584488?query=python%20developer,"{'min': 'None', 'max': 'None', 'cur': 'None'}",hh.ru
Middle/Senior Python Developer,https://spb.hh.ru/vacancy/43856438?query=python%20developer,"{'min': '130000', 'max': '220000', 'cur': 'руб.'}",hh.ru
Back-end Python Developer (Middle),https://spb.hh.ru/vacancy/46170396?query=python%20developer,"{'min': 'None', 'max': 'None', 'cur': 'None'}",hh.ru
QA Automation Engineer (Backend),https://spb.hh.ru/vacancy/46127484?query=python%20developer,"{'min': 'None', 'max': '300000', 'cur': 'руб.'}",hh.ru
Python backend developer,https://spb.hh.ru/vacancy/45929244?query=python%20developer,"{'min': 'None', 'max': 'None', 'cur': 'None'}",hh.ru
Senior Python Engineer,https://spb.hh.ru/vacancy/45725868?query=python%20developer,"{'min': 'None', 'max': 'None', 'cur': 'None'}",hh.ru
Разработчик Python/PHP,https://spb.hh.ru/vacancy/45975437?query=python%20developer,"{'min': '80000', 'max': '120000', 'cur': 'руб.'}",hh.ru
Python-разработчик систем сбора,https://spb.hh.ru/vacancy/45971326?query=python%20developer,"{'min': '80000', 'max': '150000', 'cur': 'руб.'}",hh.ru
Senior Python Engineer (Remote),https://spb.hh.ru/vacancy/45355018?query=python%20developer,"{'min': '200000', 'max': '300000', 'cur': 'руб.'}",hh.ru
Python разработчик,https://spb.hh.ru/vacancy/41179197?query=python%20developer,"{'min': 'None', 'max': 'None', 'cur': 'None'}",hh.ru
